<?xml version="1.0" encoding="UTF-8"?>
<project-private xmlns="http://www.netbeans.org/ns/project-private/1">
    <editor-bookmarks xmlns="http://www.netbeans.org/ns/editor-bookmarks/2" lastBookmarkId="0"/>
    <open-files xmlns="http://www.netbeans.org/ns/projectui-open-files/2">
        <group>
            <file>file:/D:/SSG_DEVKIT_DOC/PIC_MUC/PROGRAM/LCD_last.X/lcd.h</file>
            <file>file:/D:/SSG_DEVKIT_DOC/PIC_MUC/PROGRAM/LCD_last.X/lcd_main.c</file>
        </group>
    </open-files>
</project-private>
